{"x":-18.530183792114259,"y":0.036919403821229938,"z":-4.280824184417725}